{
    "COc(cc1)cc2c1[nH]cc2": 5.665755650272094,
    "C[C@@H]([C@@H]1[C@@H]2C[C@@H](c3c(CC4)c(cccc5)c5[nH]3)N4C1)OC=C2C(OC)=O": 5.201922227232418,
    "CC(C)N(CC1)CCC1(c1ccccc1)c1ccccc1": 5.651035256498634,
    "C[C@H]([C@@H]1[C@@H]2C[C@@H](c3c(CC4)c(cccc5)c5[nH]3)N4C1)OC=C2C(OC)=O": 5.209040526597106,
    "COc(cc1)c(CN[C@H]2[C@@H](c3ccccc3)NCCC2)cc1OC(F)(F)F": 5.072299171676566,
    "COc1cc(CCC2C(F)(F)F)c2cc1CN[C@H]1[C@@H](c2ccccc2)NCCC1": 5.46072052553336,
    "Cc(cc1)ccc1-[n+]1c(C)cc(cc(cc2OC)OC)c2c1C.F[B-](F)(F)F": 5.424209219240464,
    "COC([C@H]([C@@H](C1)[C@@H](CC2)CN(CC3)[C@@H]1c1c3c(cccc3)c3[nH]1)[C@@H]2O)=O": 6.333432806750452,
    "CC(C)c(cc1)ccc1-[n+]1c(C)cc(cc(cc2OC)OC)c2c1C.[O-]C(C(F)(F)F)=O": 5.422036174226433,
    "CCC1C(CC2)CC(C(c3c(cc(cc4)OC)c4ncc3)O)N2C1": 5.499227645740667,
    "CC(C(F)(F)F)c(cc1)cc(CN[C@H]2[C@@H](c3ccccc3)NCCC2)c1OC": 5.329572554688856,
    "CN(CCc(cc1OCOc1c1)c1C(C1)=O)Cc2c1cc1OCOc1c2": 6.196383079257676,
    "COC([C@@H]([C@@H](C1)[C@@H](CC2)CN(CC3)[C@@H]1c1c3c(cccc3)c3[nH]1)[C@H]2O)=O": 5.875878934544146,
    "COc1cc2c([C@@H]([C@@H](C[C@@H]3CC4)N4C[C@@H]3C=C)O)ccnc2cc1": 6.190438396175814,
    "CC(CCC1)(C(F)(F)F)c(cc2CN[C@H]3[C@@H](c4ccccc4)NCCC3)c1cc2OC": 5.665755650272094,
    "CN(CCc(cc1OCOc1c1)c1C(C1)=O)Cc2c1ccc(OC)c2OC": 5.201922227232418,
    "OC1(CCN(CCCC(c(cc2)ccc2F)=O)CC1)c1cc(C(F)(F)F)ccc1": 5.651035256498634,
    "COC([C@H]([C@@H](C1)[C@@H](CC2)CN(CC3)[C@@H]1c1c3c(cccc3)c3[nH]1)[C@H]2O)=O": 5.209040526597106,
    "CC(C)c(cc1)cc(CN[C@@H]2[C@H](C(c3ccccc3)c3ccccc3)N3CCC2CC3)c1OC": 5.072299171676566,
    "CC/C(/c(cc1)ccc1O)=C(/c(cc1)ccc1O)\\c(cc1)ccc1OCCN": 5.46072052553336,
    "Cc(cc(cc(cc1OC)OC)c1c1C)[n+]1-c1cccc2ccccc12.[O-]Cl(=O)(=O)=O": 5.424209219240464,
    "CN(CCc1ccccc1)C(CC1)CCN1c1nc(cccc2)c2n1Cc(cc1)ccc1F": 6.333432806750452,
    "Fc1cnc(N2CCN(Cc3cnc(-c4ccccc4)[nH]3)CC2)nc1": 5.422036174226433,
    "OC(CN(CC1)CCN1C(c1ccccc1)c1ccc(C(F)(F)F)cc1)COc1ccccc1": 5.499227645740667,
    "O=C(NC1CCN(C/C2=C/CCCCCC2)CC1)Nc1cc2ccccc2cc1": 5.329572554688856,
    "CC1(C(F)(F)F)OCc2c1cc(CN[C@H]1[C@@H](c3ccccc3)NCCC1)c(OC)c2": 6.196383079257676,
    "COc(cc1)ccc1C(N(C1CCN(CC(COc(cc2)ccc2OC)O)CC1)c1ccccc1)=O": 5.875878934544146,
    "SCc1ccc(-c2cnccc2)o1": 6.190438396175814,
    "CN(Cc1ccccc1)C(CC1)CCN1c1nc(cccc2)c2n1Cc(cc1)ccc1F": 5.665755650272094,
    "CC(C)(C(F)(F)F)c(cc1)cc(CN[C@H]2[C@@H](c3ccccc3)NCCC2)c1OC": 5.201922227232418,
    "CC(c1c(CCN(C)C)sc2c1cccc2)c1ccncc1": 5.651035256498634,
    "CCN(CC)CCNC(c(c(OC)c1)cc(Cl)c1N)=O": 5.209040526597106,
    "Cc1cccc(C)c1OCC(CN(CC1)CCN1C(C(NCc1ccccc1)=O)c1ccc(C(F)(F)F)cc1)O": 5.072299171676566,
    "COc(cc1)ccc1OCC(CN(CC1)CCC1N(C(c(cc1)ccc1Cl)=O)c1ccccc1)O": 5.46072052553336,
    "COc(cc1)ccc1OCC(CN(CC1)CCC1N(C(c1ccccc1)=O)c(cc1)ccc1F)O": 5.424209219240464,
    "OC(CN(CC1)CCN1C(CNC(c1ccc(C(F)(F)F)cc1)=O)c1ccccc1)COc(cc1)ccc1Cl": 6.333432806750452,
    "CN(C(CC1)CCN1c1nc(cccc2)c2n1Cc(cc1)ccc1F)c1ncccn1": 5.422036174226433,
    "CC1OC=C(CO)[C@@H](C2)C1CN(CC1)[C@@H]2c2c1c(cccc1)c1[nH]2": 5.499227645740667,
    "C[C@@H]([C@H]1[C@@H]2C[C@@H](c3c(CC4)c(cccc5)c5[nH]3)N4C1)OC=C2C(OC)=O": 5.329572554688856,
    "CC[C@H](CN(CC1)[C@@H](C2)c3c1c(c(OC)ccc1)c1[nH]3)[C@H]2/C(/C(OC)=O)=C\\OC": 6.196383079257676,
    "CCN(CC(CC1)CCN1S(C)(=O)=O)C(C)Cc(cc1)cc2c1OCC2": 5.875878934544146,
    "COc(cc1)ccc1OCC(CN(CC1)CCC1N(C(c(cc1)ccc1Cl)=O)c(cc1)ccc1F)O": 6.190438396175814,
    "Cc1cccc(C)c1OCC(CN(CC1)CCN1C(C(NCc1ccccc1)=O)c(cc1)ccc1F)O": 5.665755650272094,
    "Cc1ccc(C(C(NCc2ccccc2)=O)N2CCN(CC(COc3c(C)cccc3C)O)CC2)cc1": 5.201922227232418,
    "Cc1cccc(C)c1OCC(CN(CC1)CCN1C(C(NCc(cc1)ccc1OC)=O)c1ccc(C(F)(F)F)cc1)O": 5.651035256498634,
    "CN(C1CCCCC1)C(CC1)CCN1c1nc(cccc2)c2n1Cc(cc1)ccc1F": 5.209040526597106,
    "COc1c(CN[C@H]2[C@@H](c3ccccc3)NCCC2)cc(C(C(F)(F)F)C(F)(F)F)cc1": 5.072299171676566,
    "C[C@@H]([C@@H](C1)[C@@H]2Cc3[n+]1ccc1c3[nH]c3c1cccc3)OC=C2C(OC)=O": 5.46072052553336,
    "CCCCCc1cc(O)c([C@@H]2C=C(C)CC[C@H]2C(C)=C)c(O)c1": 5.424209219240464,
    "C[C@@H]([C@@H](CN1C[C@@H](Cc(cc2)ccc2F)CCC1)O)NC(Nc1cc(-c2nnnn2C)ccc1)=O": 6.333432806750452,
    "CCC1C(CC2)CC(C(c3ccnc4ccccc34)O)N2C1": 6.196383079257676,
    "CC[C@H](CN(CC1)[C@@H](C2)c3c1c(cccc1)c1[nH]3)[C@H]2/C(/C(OC)=O)=C\\OC": 5.499227645740667,
    "CC(C1[C@@H]2C[C@@H](c3c(CC4)c(cccc5)c5[nH]3)N4C1)NC=C2C(OC)=O": 5.329572554688856,
    "COc(cc1)ccc1OCC(CN(CC1)CCN1C(CNC(c1ccc(C(F)(F)F)cc1)=O)c1ccccc1)O": 6.196383079257676,
    "Cc1cccc(C)c1OCC(CN(CC1)CCN1C(C(NCc(cc1)ccc1OC)=O)c(cc1)ccc1F)O": 5.875878934544146,
    "COc(cc1)ccc1C(N(C1CCN(CC(COc(cc2)ccc2OC)O)CC1)c(cc1)ccc1F)=O": 6.190438396175814,
    "N#Cc1cn2c(C(N(CC3)CCC3c3c(C(F)(F)F)cccc3)=O)nnc2cc1": 5.665755650272094,
    "C[C@@H]([C@H]([C@@H]1C2)C=[N+](CC3)[C@@H]2c2c3c(cccc3)c3[nH]2)OC=C1C(OC)=O": 5.201922227232418,
    "C=CC1C(CC2)C[C@@H]([C@@H](c3ccnc4ccccc34)O)N2C1": 5.651035256498634,
    "C=CC1C(CC2)C[C@@H]([C@@H](c3c(cc(cc4)Cl)c4ncc3)O)N2C1": 5.209040526597106,
    "COc(cc1)ccc1C(NCC(c1ccccc1)N1CCN(CC(COc(cc2)ccc2Cl)O)CC1)=O": 5.072299171676566,
    "COc(cc1)ccc1OCC(CN(CC1)CCN1C(CNC(c1ccccc1)=O)c1ccccc1)O": 5.46072052553336,
    "Cc1ccc(C(C(NCc2ccccc2)=O)N2CCN(CC(COc(cc3)ccc3OC)O)CC2)cc1": 5.424209219240464,
    "COc1ccc(CNC(C(c2ccc(C(F)(F)F)cc2)N2CCN(CC(COc(cc3)ccc3OC)O)CC2)=O)cc1": 6.333432806750452,
    "COc1c(CN[C@H]2[C@@H](c3ccccc3)NCCC2)cc(CC(F)(F)F)cc1": 5.422036174226433,
    "Fc1cnc(N2CCN(CC3=NC(c4ccccc4)=NC3)CC2)nc1": 5.499227645740667,
    "Fc1ccc([C@H]2[C@H](COc(cc3)cc4c3OCO4)CNCC2)cc1": 5.329572554688856,
    "COc(cc1)ccc1OCC(CN(CC1)CCN1C(C(NCc1ccccc1)=O)c(cc1)ccc1F)O": 6.196383079257676,
    "Cc1cccc(C)c1OCC(CN(CC1)CCN1C(C(NCc(cc1)ccc1OC)=O)c(cc1)ccc1OC)O": 5.875878934544146,
    "CC1(C)[C@@H]2C(CN(CC3)CCC3NC(Nc3cc(C(F)(F)F)cc(C(F)(F)F)c3)=O)=CC[C@H]1C2": 6.190438396175814,
    "CCCc1cc(O)c([C@@H]2C=C(C)CC[C@H]2C(C)=C)c(O)c1": 5.665755650272094,
    "O[C@H](CC[C@@H]1[C@@H]2C[C@@H](c3c(CC4)c(cccc5)c5[nH]3)N4C1)[C@H]2C(O)=O": 5.201922227232418,
    "CNC(CC1)CCN1c1nc(cccc2)c2n1Cc(cc1)ccc1F": 5.651035256498634,
    "OC(CN(CC1)CCN1C(CNC(c(cc1)ccc1F)=O)c1ccccc1)COc1ccccc1": 5.209040526597106,
    "COc(cccc1)c1C(NCC(c1ccccc1)N1CCN(CC(COc(cc2)ccc2Cl)O)CC1)=O": 5.072299171676566,
    "COc1ccc(CNC(C(c(cc2)ccc2F)N2CCN(CC(COc(cc3)ccc3OC)O)CC2)=O)cc1": 5.46072052553336,
    "CN(C)CCCN1c(cc(cc2)Cl)c2Sc2c1cccc2": 5.424209219240464,
    "COc(cc(cc1)NS(C)(=O)=O)c1Nc1c(cccc2)c2nc2ccccc12": 6.333432806750452,
    "COc(cc1)ccc1C(NCC(c1ccccc1)N1CCN(CC(COc(cc2)ccc2OC)O)CC1)=O": 5.422036174226433,
    "COc(cc1)ccc1OCC(CN(CC1)CCN1C(CNC(c(cccc1)c1OC)=O)c1ccccc1)O": 5.499227645740667,
    "COCCCC/C(/c1ccc(C(F)(F)F)cc1)=N\\OCCN": 5.329572554688856,
    "C(CC1)CC(C2)C1C[n+](cc1)c2c2c1c(cccc1)c1[n-]2": 5.875878934544146,
    "Cc1cccc(S(NCC(c2ccc(C(F)(F)F)cc2)N2CCN(CC(COc(cc3)ccc3Br)O)CC2)(=O)=O)c1": 6.190438396175814,
    "NCc1ccc(-c2ccccc2)o1": 5.665755650272094,
    "CC(N1C2C=C(CN(C(CC3)C4)C3CC4NC(Nc3cc(C(F)(F)F)cc(F)c3)=O)CC1CCC2)=O": 5.201922227232418,
    "COc1cc2c([C@H]([C@H](C[C@@H]3CC4)N4C[C@@H]3C=C)O)ccnc2cc1": 5.651035256498634,
    "C=C[C@@H]1[C@@H](CC2)C[C@H]([C@H](c3ccnc4ccccc34)O)N2C1": 5.209040526597106,
    "CC(Cc(cc1)cc2c1OCO2)NC": 5.072299171676566,
    "COc1cc2c(C(C(CC(CC3)C(C4)C=C)[N+]34c3ccccc3)O)ccnc2cc1.[Cl-]": 5.46072052553336,
    "NCc1cc(-c2cccnc2)n[nH]1": 5.424209219240464,
    "COc(cc1)cc(S(NCC(c2ccccc2)N2CCN(CC(COc(cc3)ccc3Br)O)CC2)(=O)=O)c1OC": 6.333432806750452,
    "CC(C)(C)NC([C@H]1N(C[C@H](C[C@@H](Cc2ccccc2)C(N[C@H]([C@@H](C2)O)c3c2cccc3)=O)O)CCN(Cc2cnc3occc3c2)C1)=O": 5.422036174226433,
    "C1SC(c2ccc(-c3cnccc3)o2)SC1": 5.499227645740667,
    "CNCc1ccc(-c2cnccc2)o1": 5.329572554688856,
    "CC(SCc1ccc(-c2cnccc2)o1)=O": 6.196383079257676,
    "Cc1c(-c2cnccc2)scc1": 5.875878934544146,
    "Cc1nccc2c1[nH]c1c2ccc(OC)c1": 6.190438396175814,
    "CSCc1ccc(-c2cnccc2)o1": 5.665779037037135,
    "CC(NC=CC1=C2C=C3)=C1NC2=CC3=O": 5.201940447458917,
    "Cc1c(CSCC/N=C(\\NC)/NC#N)nc[nH]1": 5.651050495728252,