{
    "CCC(CCC1)(CN1c1cc(N(C)C(N(C)C2=O)=O)c2n1Cc(cc(cc1)F)c1C#N)N": 5.679566745950434,
    "CN(c1c(C(N2C)=O)n(Cc(cc(cc3)F)c3C#N)c(N(CCC3)CC3N)c1)C2=O.Cl": 6.25886532916829,
    "CC(C)(C)[C@@H](C(N[C@H](C[C@@H]([C@H](Cc1ccccc1)NC([C@H](C(C)(C)C)N(CCN1Cc2ccccc2)C1=O)=O)O)Cc(cc1)ccc1-c1ncccc1)=O)NC(OC)=O": 5.562574458995011,
    "CC(N(CC1)CCN1c(cc1)ccc1OCC1OC(Cn2cncc2)(c(ccc(Cl)c2)c2Cl)OC1)=O": 7.243440123264225,
    "CC(C)(C)[Si](C)(C)OC[C@@H]1OC(C)(C)O[C@H]1[C@@H]([C@@H](CNC(c1ccccc1)=O)c(cc1)cc2c1OCO2)OCOC": 6.742382923877706,
    "CC(C)(C)[Si](C)(C)OC[C@@H]1OC(C)(C)O[C@H]1[C@H]([C@H](CNC(c1ccccc1)=O)c(cc1)cc2c1OCO2)OCOC": 6.024315299464299,
    "Nc(cc1)ccc1SC[C@H]1O[C@@](CCc(cc2)ccc2Cl)(Cn2cncc2)OC1": 7.249226026002284,
    "COc1cc(C[C@@H](CO)[C@@H](Cc(cc2)cc3c2OCO3)CO)cc(OC)c1OC": 6.507493783819728,
    "CC(C)(C)[C@@H](C(N[C@@H](C[C@@H]([C@H](Cc1ccccc1)NC([C@H](C(C)(C)C)N(CCN1Cc2nc(C(C)(C)O)ccc2)C1=O)=O)O)Cc(cc1)ccc1-c1ncccc1)=O)NC(OC)=O": 6.371382148330948,
    "CC1(C)O[C@@H]([C@@H]([C@@H](CNC(c2ccccc2)=O)c(cc2)cc3c2OCO3)OCOC)[C@H](COS(c2ccc(C)cc2)(=O)=O)O1": 5.377072951632608,
    "CC1(C)O[C@@H]([C@H]([C@H](CNC(c2ccccc2)=O)c(cc2)cc3c2OCO3)OCOC)[C@H](COS(c2ccc(C)cc2)(=O)=O)O1": 8.438241298660891,
    "CN(CC1)CCN1C(c1cn(Cc2cncn2Cc(cc2)cc3c2OCO3)cc1-c1cccc2ccccc12)=O": 2.988945907411914,
    "COc1cc(C[C@@H]2C(O)OC[C@H]2Cc(cc2)cc3c2OCO3)cc(OC)c1OC": 6.812470698152644,
    "Clc1ccc(c(N2CCN(CCCN(CC3)CCN3c3c(ccc(Cl)c4)c4ncc3)CC2)ccn2)c2c1": 5.157471044092267,
    "CC(C)[C@@H](C(N[C@H](C[C@@H]([C@H](Cc1ccccc1)NC(OCc1cncs1)=O)O)Cc1ccccc1)=O)NC(N(C)Cc1csc(C(C)C)n1)=O": 7.040665060722489,
    "Cc(cc1)ccc1-c(n(C)nc1)c1-c1nn(C)c2c1c(N(CC1)CC1N1CCCCC1)ncn2": 7.020536631935876,
    "CC(C)(C(CC/C(/C)=C/COc1c(cco2)c2cc(O2)c1C=CC2=O)OC(C)(C)C(CC/C(/C)=C/COc1c(C=CC(O2)=O)c2cc2c1cco2)O)O": 5.679566745950434,
    "OC[C@H](Cc(cc1)cc2c1OCO2)[C@@H](Cc(cc1)cc2c1OCO2)CO": 6.25886532916829,
    "CC(C)(c1nc(-c(cc2)ccc2F)c(Nc(cc2)ccc2F)n1CC1)N1C(CN)=O": 5.562574458995011,
    "CC(C)(C)[Si](C)(C)OC[C@@H]1OC(C)(C)O[C@H]1[C@@H]([C@@H](CNC(c1ccccc1)=O)c(cc1)cc2c1OCO2)O": 7.243440123264225,
    "CC(C)(C)NC([C@H]1N(C[C@H]([C@H](Cc2ccccc2)NC([C@H](CC(N)=O)NC(c2nc3ccccc3cc2)=O)=O)O)C[C@@H](CCCC2)[C@@H]2C1)=O": 6.742382923877706,
    "COc1cc(C[C@@H]([C@H](Cc(cc2)cc3c2OCO3)CO2)C2=O)cc(OC)c1OC": 6.024315299464299,
    "CC/C(/c1ccccc1)=C(\\c1ccccc1)/c(cc1)ccc1OCCN(C)C": 7.249226026002284,
    "CC(C)(C)[Si](C)(C)O[C@@H]([C@@H]([C@H]12)OC(C)=O)C=C(CC3)[C@@H]2N3Cc2c1cc1OCOc1c2": 6.507493783819728,
    "CC(C)(C)OC(NC[C@@H]([C@@H]([C@@H]1OC(C)(C)O[C@H]1CO[Si](C)(C)C(C)(C)C)OCOC)c(cc1)cc2c1OCO2)=O": 6.371382148330948,
    "CC(C)CN(CC(C(Cc1ccccc1)NC(CNC(CNCc1cc(F)ccc1)=O)=O)=O)S(c1cc(N)ccc1)(=O)=O": 5.377072951632608,
    "CC(N1c(cccc2)c2SC1c(cc(cc1)OC)c1OCCCN(C)CCOc(cc1)cc2c1OCO2)=C": 8.438241298660891,
    "CC(C)(C)[Si](C)(C)O[C@@H]([C@@H]([C@H]12)O)C=C(CC3)[C@@H]2N3Cc2c1cc1OCOc1c2": 2.988945907411914,
    "CC(C)CN(C[C@H]([C@H](Cc1ccccc1)NC(O[C@@H]1COCC1)=O)O)S(c(cc1)ccc1N)(=O)=O": 6.812470698152644,
    "CC(C)(C(CC/C(/C)=C/COc1c(C=CC(O2)=O)c2cc2c1cco2)O)OC(CC/C(/C)=C/COc1c(cco2)c2cc(O2)c1C=CC2=O)C(C)=C": 5.157471044092267,
    "CC(C)(C)OC(NC[C@H]([C@H]([C@@H]1OC(C)(C)O[C@H]1CO[Si](C)(C)C(C)(C)C)OCOC)c(cc1)cc2c1OCO2)=O": 7.040665060722489,
    "O=C1OC[C@@H](Cc(cc2)cc3c2OCO3)[C@@H]1Cc(cc1)cc2c1OCO2": 7.020536631935876,
    "CC/C(/c1ccccc1)=C(/c(cc1)ccc1O)\\c(cc1)ccc1OCCN": 5.679566745950434,
    "C[C@@H](Cc(c(-c(c(OC)c1OC)c([C@@H]2OC(c3ccccc3)=O)cc1OC)c1OC)cc3c1OCO3)[C@]2(C)O": 6.25886532916829,
    "CC(C)[C@@H](C(N[C@H](C[C@@H]([C@H](Cc1ccccc1)NC(COc1c(C)cccc1C)=O)O)Cc1ccccc1)=O)N(CCCN1)C1=O": 5.562574458995011,
    "CC(C)(C)NC([C@H]1N(C[C@H](C[C@@H](Cc2ccccc2)C(N[C@H]([C@@H](C2)O)c3c2cccc3)=O)O)CCN(Cc2cnccc2)C1)=O": 7.243440123264225,
    "CC(C)(C)NC([C@H]1N(C[C@H]([C@H](CSc2ccccc2)NC(c2c(C)c(O)ccc2)=O)O)C[C@@H](CCCC2)[C@@H]2C1)=O": 6.742382923877706,
    "COc(cc1)ccc1NC(c1cc(-c2ccncc2)nc2ccccc12)=O": 6.024315299464299,
    "Cc(cc1)ccc1NC(c1cc(-c2ccncc2)nc2ccccc12)=O": 7.249226026002284,
    "CC(C)(C)CN(c(cc1)c(N2C)nc1N(C[C@@H]1CC3)[C@@H]3CN1C(c1nocc1)=O)C2=O": 6.507493783819728,
    "CC(C)(C)[Si](c1ccccc1)(c1ccccc1)OC[C@@H]1OC(C)(C)O[C@H]1[C@@H]([C@@H](CNC(c1ccccc1)=O)c(cc1)cc2c1OCO2)OCOC": 6.371382148330948,
    "O[C@@H]([C@H]([C@@H](C(c(c1c2O)cc3c2OCO3)=C2)NC1=O)O)[C@H]2O": 5.377072951632608,
    "C[C@@](CC[C@@H]([C@H]1CC2)[C@@](C)(CC3)[C@H]2CC3=O)([C@H](CC2)C(C=C3)=COC3=O)[C@@]12O": 8.438241298660891,
    "O=C(c1cc(-c2ccncc2)nc2ccccc12)Nc1ccccc1": 2.988945907411914,
    "CC(C(N1c(cc2)ccc2O)=Nc2ncccc2C1=O)N(Cc1cnccc1)C(Cc(cc1)ccc1OC(F)(F)F)=O": 6.812470698152644,
    "CN(C)c(cc1)ccc1NC(c1cc(-c2ccncc2)nc2ccccc12)=O": 5.157471044092267,
    "CC(C)[C@@H]([C@](CCN(C)CCCc1nc(cccc2)c2[nH]1)(CC1)O)c(cc2)c1cc2F": 7.040665060722489,
    "CCOC(c([nH]cc1C2c3cc(Oc4nc(cccc5)c5[nH]4)ccc3)c1NC(CCC1)=C2C1=O)=O": 7.020536631935876,
    "CCC(N1CCOc2ccccc2)=NN(CCCN(CC2)CCN2c2cccc(Cl)c2)C1=O": 5.6010401011366735,
    "C[C@@H](C(N[C@@H](C1(CCOCC1)Oc(cccc1)c1N1Cc(c2c3cccc2)c(C#N)n3-c(cccc2)c2C#N)C1=O)=O)NC": 6.216526914182595,
    "CCCCCc1cc(O)c([C@@H]2C=C(C)CC[C@H]2C(C)=C)c(O)c1": 4.857820073959673,
    "CC1(C)O[C@@H]([C@@H]([C@@H](CNC(c2ccccc2)=O)c(cc2)cc3c2OCO3)OCOC)[C@H](COC(C)=O)O1": 5.501630908777665,
    "C1SC(c2ccc(-c3cnccc3)o2)SC1": 4.957281641342715,
    "Cn1ncc(NC(c2c(N)sc(-c(c(F)ccc3)c3F)n2)=O)c1N(CC[C@H]1N)CC[C@H]1F": 7.400813352000427,
    "Cn1ncc(NC(c2c(N)sc(-c(c(F)ccc3)c3F)n2)=O)c1N(CCC(C1)N)CC1(F)F": 6.825108152474449,
    "CC(C)C(CCCN(C)CCc(cc1)cc(OC)c1OC)(c(cc1)cc(OC)c1OC)C#N": 4.971055189844619,
    "CC(SCc1ccc(-c2cnccc2)o1)=O": 3.791999179860889,
    "CC1(C)O[C@@H]([C@@H]([C@@H](CNC(c2ccccc2)=O)c(cc2)cc3c2OCO3)OCOC)[C@H](CO)O1": 6.464407278342561,
    "CC/C(/c(cc1)ccc1O)=C(/c(cc1)ccc1O)\\c(cc1)ccc1OCCN": 5.280300548859692,
    "CS(CCNCc1ccc(-c(cc23)ccc3ncnc2Nc(cc2)cc(Cl)c2OCc2cc(F)ccc2)o1)(=O)=O": 6.708167939957215,
    "CC1(C)O[C@@H]([C@H]([C@H](CNC(c2ccccc2)=O)c(cc2)cc3c2OCO3)OCOC)[C@H](CO)O1": 6.375430244348014,
    "C[C@@H](C(N[C@@H]([C@H](C)N(C(CS(C)(=O)=O)=O)c(cccc1)c1N1Cc2noc3c2cccc3)C1=O)=O)NC.Cl": 7.742036042066088,
    "CC(C)C(CCCNCCc(cc1)cc(OC)c1OC)(c(cc1)cc(OC)c1OC)C#N": 6.585891697935892,
    "CC(O[C@H]([C@H](c(cc1)ccc1OC)Sc(cccc1)c1N1CCN(C)C)C1=O)=O": 6.343409396188782,
    "COc(cc1)ccc1NC(c1cc(-c2ncncc2)nc2ccccc12)=O": 5.679566745950434,
    "O=C(c1cc(-c2ncncc2)nc2ccccc12)Nc1ccccc1": 6.25886532916829,
    "CC(C)[C@@H]([C@](CCN(C)CCCc1nc(cccc2)c2[nH]1)(CC1)OC(COC)=O)c(cc2)c1cc2F": 5.562574458995011,
    "Cc1ncc2n1-c(ccc(Cl)c1)c1C(c(cccc1)c1F)=NC2": 7.243440123264225,
    "C[C@@H](C[C@H]1OC)[C@](C(C(N(CCCC2)[C@H]2C(O[C@H]([C@@H](C)[C@@H](CC([C@@H](CC=C)/C=C(\\C)/C[C@@H](C)C2)=O)O)/C(/C)=C/[C@@H](CC[C@@H]3O)C[C@@H]3OC)=O)=O)=O)(O)O[C@H]1[C@@H]2OC": 6.742382923877706,
    "Cc(cc1)ccc1NC(c1cc(-c2nccnc2)nc2ccccc12)=O": 6.024315299464299,
    "CN(CC1)CCN1c1nc2ccccc2c(C(C(N2)=O)=C(c3c[nH]c4c3cccc4)C2=O)n1": 7.249226026002284,
    "Cc1c(-c2cnccc2)scc1": 6.507493783819728,
    "Cc(cc1)ccc1NC(c1cc(-c2ncncc2)nc2ccccc12)=O": 6.371382148330948,
    "SCc1ccc(-c2cnccc2)o1": 5.377072951632608,
    "COc(cc1)ccc1NC(c1cc(-c2ccccc2)nc2ccccc12)=O": 8.438241298660891,
    "Cc(cc1Cl)cc(Cl)c1OCCOc1ccc(CC(CN)C(N(Cc(cc(CCCOC)cc2)c2Cl)C2CC2)=O)cc1": 2.988945907411914,
    "Cc(cc1)ccc1NC(c1cc(-c2ncccc2)nc2ccccc12)=O": 6.812470698152644,
    "Cc(cc1)ccc1NC(c1cc(-c2ccccc2)nc2ccccc12)=O": 5.157471044092267,
    "O=C(c1cc(-c2ccccc2)nc2ccccc12)Nc1ccccc1": 7.040665060722489,
    "CC(C)c(cc(CC[C@@H](C(C)(C)CCC1)[C@@]11C(O)=O)c1c1O)c1O": 7.020536631935876,
    "C[C@](C[C@@H]1c(cc2)ccc2N(C)C)([C@@H](CC2)[C@H](CC3)C1=C(CC1)C3=CC1=O)[C@@]2(C#CC)O": 5.679566745950434,
    "C[C@@H](c1cc(C(F)(F)F)cc(C(F)(F)F)c1)N(C)C(N(CC[C@H](C1)N(CC2)CCN2C(C)=O)[C@@H]1c(cc1)c(C)cc1F)=O": 6.25886532916829,